{
  "timestamp": "2026-03-05T18:47:15.420Z",
  "iterations": 10,
  "image": "python:3.11-slim",
  "coldStart": {
    "mean": 95.0355292,
    "median": 94.00208299999997,
    "p95": 117.53924999999998,
    "min": 82.74375000000009,
    "max": 117.53924999999998
  },
  "warmStart": {
    "mean": 45.56279190000002,
    "median": 35.94054199999982,
    "p95": 80.81995900000015,
    "min": 32.729917000000114,
    "max": 80.81995900000015
  },
  "speedup": 2.0858144384255777
}